utc	load_1min	leg_cpu	other_cpu	cache_digest	repeats
09:02:45	7.00	372.5	242.1	24d786f5b92d120d	repeat_00,
09:03:45	6.80	401.5	104.2	24d786f5b92d120d	repeat_00,
09:04:46	7.56	404.1	13.1	24d786f5b92d120d	repeat_00,
09:05:46	9.59	400.9	100.8	24d786f5b92d120d	repeat_00,
09:06:46	7.94	371.1	45.0	24d786f5b92d120d	repeat_00,
09:07:46	13.14	364.3	29.9	24d786f5b92d120d	repeat_00,
09:08:46	12.49	338.7	323.9	24d786f5b92d120d	repeat_00,
09:09:47	12.82	351.1	366.6	24d786f5b92d120d	repeat_00,
09:10:47	11.53	339.5	475.5	24d786f5b92d120d	repeat_00,
09:11:47	14.72	324.1	778.6	24d786f5b92d120d	repeat_00,
09:12:47	15.34	340.8	634.8	24d786f5b92d120d	repeat_00,
09:13:48	14.68	338.9	641.1	24d786f5b92d120d	repeat_00,
09:14:48	14.05	361.6	543.0	24d786f5b92d120d	repeat_00,
09:15:48	15.52	325.2	594.0	24d786f5b92d120d	repeat_00,
09:16:48	16.26	324.3	556.3	24d786f5b92d120d	repeat_00,
09:17:49	19.21	314.9	657.0	24d786f5b92d120d	repeat_00,
09:18:49	21.60	256.8	422.7	24d786f5b92d120d	repeat_00,
09:19:49	18.75	322.0	695.9	24d786f5b92d120d	repeat_00,
09:20:49	16.48	346.9	409.1	24d786f5b92d120d	repeat_00,
09:21:50	17.25	340.7	525.1	24d786f5b92d120d	repeat_00,
09:22:50	16.89	333.1	727.8	24d786f5b92d120d	repeat_00,
09:23:50	15.20	356.6	421.2	24d786f5b92d120d	repeat_00,
09:24:50	13.10	353.6	596.7	24d786f5b92d120d	repeat_00,
09:25:50	11.30	368.0	398.7	24d786f5b92d120d	repeat_00,
09:26:51	10.11	364.0	558.8	24d786f5b92d120d	repeat_00,
09:27:51	15.91	324.8	760.0	24d786f5b92d120d	repeat_00,
09:28:51	17.89	333.9	675.4	24d786f5b92d120d	repeat_00,
09:29:51	19.81	330.5	601.2	24d786f5b92d120d	repeat_00,
09:30:52	18.17	332.8	693.6	24d786f5b92d120d	repeat_00,
09:31:52	15.83	335.7	566.0	24d786f5b92d120d	repeat_00,
09:32:52	16.67	322.4	573.7	24d786f5b92d120d	repeat_00,
09:33:52	16.91	343.1	589.4	24d786f5b92d120d	repeat_00,
09:34:53	15.35	323.5	746.5	24d786f5b92d120d	repeat_00,
09:35:53	15.85	341.0	697.8	24d786f5b92d120d	repeat_00,
09:36:53	14.19	355.8	769.9	24d786f5b92d120d	repeat_00,
09:37:53	14.02	368.3	653.6	24d786f5b92d120d	repeat_00,
09:38:54	15.18	342.2	903.7	24d786f5b92d120d	repeat_00,
09:39:54	15.56	366.8	673.2	24d786f5b92d120d	repeat_00,
09:40:54	13.32	366.1	657.7	24d786f5b92d120d	repeat_00,
09:41:54	13.86	358.4	745.5	24d786f5b92d120d	repeat_00,
09:42:55	14.55	349.7	634.5	24d786f5b92d120d	repeat_00,
09:43:55	14.51	352.3	561.9	24d786f5b92d120d	repeat_00,
09:44:55	13.68	350.2	636.2	24d786f5b92d120d	repeat_00,
09:45:55	12.37	353.5	733.5	24d786f5b92d120d	repeat_00,
09:46:56	19.04	274.5	758.3	24d786f5b92d120d	repeat_00,
09:47:56	14.64	365.5	665.7	24d786f5b92d120d	repeat_00,
09:48:56	14.84	358.9	662.9	24d786f5b92d120d	repeat_00,
09:49:56	13.78	368.8	395.9	24d786f5b92d120d	repeat_00,
09:50:57	11.03	367.1	505.4	24d786f5b92d120d	repeat_00,
09:51:57	10.55	372.5	395.8	24d786f5b92d120d	repeat_00,
09:52:57	10.24	372.5	396.8	24d786f5b92d120d	repeat_00,
09:53:57	11.52	367.8	428.0	24d786f5b92d120d	repeat_00,
09:54:57	10.43	385.2	396.8	24d786f5b92d120d	repeat_00,repeat_01,
09:55:58	10.48	383.2	398.9	24d786f5b92d120d	repeat_00,repeat_01,
09:56:58	10.73	391.5	299.0	24d786f5b92d120d	repeat_00,repeat_01,
09:57:58	9.41	395.7	198.8	24d786f5b92d120d	repeat_00,repeat_01,
09:58:58	7.84	397.4	220.1	24d786f5b92d120d	repeat_00,repeat_01,
09:59:58	8.00	400.8	99.1	24d786f5b92d120d	repeat_00,repeat_01,
10:00:58	9.76	400.4	8.2	24d786f5b92d120d	repeat_00,repeat_01,
10:01:58	7.65	402.1	98.8	24d786f5b92d120d	repeat_00,repeat_01,
10:02:59	5.62	404.3	0.0	24d786f5b92d120d	repeat_00,repeat_01,
10:03:59	5.88	400.4	0.0	24d786f5b92d120d	repeat_00,repeat_01,
10:04:59	5.20	404.6	2.5	24d786f5b92d120d	repeat_00,repeat_01,
10:05:59	6.29	402.9	0.0	24d786f5b92d120d	repeat_00,repeat_01,
10:06:59	8.12	403.2	0.0	24d786f5b92d120d	repeat_00,repeat_01,
10:07:59	7.11	406.8	0.0	24d786f5b92d120d	repeat_00,repeat_01,
10:09:00	5.88	404.4	0.0	24d786f5b92d120d	repeat_00,repeat_01,
10:10:00	5.93	403.4	0.0	24d786f5b92d120d	repeat_00,repeat_01,
10:11:00	7.67	405.2	0.0	24d786f5b92d120d	repeat_00,repeat_01,
10:12:00	7.42	404.5	15.9	24d786f5b92d120d	repeat_00,repeat_01,
10:13:00	6.76	406.1	100.0	24d786f5b92d120d	repeat_00,repeat_01,
10:14:00	6.40	405.2	0.8	24d786f5b92d120d	repeat_00,repeat_01,
10:15:01	5.31	399.5	9.6	24d786f5b92d120d	repeat_00,repeat_01,
10:16:01	4.20	404.1	0.0	24d786f5b92d120d	repeat_00,repeat_01,
10:17:01	6.07	403.8	91.3	24d786f5b92d120d	repeat_00,repeat_01,
10:18:01	6.76	405.8	97.5	24d786f5b92d120d	repeat_00,repeat_01,
10:19:01	6.73	406.6	0.0	24d786f5b92d120d	repeat_00,repeat_01,
10:20:01	9.25	405.6	0.0	24d786f5b92d120d	repeat_00,repeat_01,
10:21:02	9.56	404.1	99.0	24d786f5b92d120d	repeat_00,repeat_01,
10:22:02	8.39	316.4	0.1	24d786f5b92d120d	repeat_00,repeat_01,
10:23:02	6.65	402.2	0.0	24d786f5b92d120d	repeat_00,repeat_01,
10:24:02	7.56	407.6	1.0	24d786f5b92d120d	repeat_00,repeat_01,
10:25:02	6.42	404.1	0.2	24d786f5b92d120d	repeat_00,repeat_01,
10:26:02	7.77	405.4	0.0	24d786f5b92d120d	repeat_00,repeat_01,
10:27:03	9.19	405.8	1.4	24d786f5b92d120d	repeat_00,repeat_01,
10:28:03	9.96	404.3	99.8	24d786f5b92d120d	repeat_00,repeat_01,
10:29:03	8.49	404.3	0.0	24d786f5b92d120d	repeat_00,repeat_01,
