utc	load_1min	leg_cpu	other_cpu	cache_digest	repeats	spin_cpu
12:25:39	6.83	388.3	202.9	68135fe7ceada07c	repeat_00,	196.9
12:26:39	9.06	382.5	207.0	68135fe7ceada07c	repeat_00,	197.2
12:27:39	10.22	390.1	202.4	68135fe7ceada07c	repeat_00,	198.0
12:28:40	10.10	390.2	200.8	68135fe7ceada07c	repeat_00,	196.3
12:29:40	9.04	396.2	198.6	68135fe7ceada07c	repeat_00,	198.5
12:30:40	9.14	389.6	210.8	68135fe7ceada07c	repeat_00,	194.3
12:31:40	10.94	395.6	199.7	68135fe7ceada07c	repeat_00,	197.1
12:32:40	10.66	393.3	199.5	68135fe7ceada07c	repeat_00,	198.8
12:33:41	11.05	392.8	199.3	68135fe7ceada07c	repeat_00,	198.7
12:34:41	11.55	391.6	223.9	68135fe7ceada07c	repeat_00,	198.1
12:35:41	9.70	380.6	195.7	68135fe7ceada07c	repeat_00,	194.2
12:36:41	8.98	380.9	307.8	68135fe7ceada07c	repeat_00,	198.2
12:37:41	12.29	395.0	231.5	68135fe7ceada07c	repeat_00,	198.8
12:38:42	10.32	385.5	315.7	68135fe7ceada07c	repeat_00,	197.8
12:39:42	9.14	392.8	201.1	68135fe7ceada07c	repeat_00,	197.5
12:40:42	8.96	388.6	311.2	68135fe7ceada07c	repeat_00,	198.3
12:41:42	9.36	392.5	256.2	68135fe7ceada07c	repeat_00,	195.3
12:42:43	8.00	399.9	232.9	68135fe7ceada07c	repeat_00,	197.5
12:43:43	7.52	391.7	201.8	68135fe7ceada07c	repeat_00,	199.9
12:44:43	9.28	392.9	297.8	68135fe7ceada07c	repeat_00,	197.5
12:45:43	8.16	393.6	299.4	68135fe7ceada07c	repeat_00,	198.7
12:46:43	8.30	393.7	300.0	68135fe7ceada07c	repeat_00,	200.0
12:47:44	9.12	398.7	202.0	68135fe7ceada07c	repeat_00,	197.2
12:48:44	8.76	394.7	296.6	68135fe7ceada07c	repeat_00,	197.5
12:49:44	8.89	394.5	297.6	68135fe7ceada07c	repeat_00,	198.5
12:50:44	8.82	393.8	296.5	68135fe7ceada07c	repeat_00,	198.0
12:51:45	8.32	394.8	298.6	68135fe7ceada07c	repeat_00,	198.0
12:52:45	9.06	391.1	296.0	68135fe7ceada07c	repeat_00,	196.7
12:53:45	9.92	392.5	199.7	68135fe7ceada07c	repeat_00,	199.0
12:54:45	9.61	392.7	226.0	68135fe7ceada07c	repeat_00,	197.7
12:55:46	8.42	396.9	198.0	68135fe7ceada07c	repeat_00,	198.0
12:56:46	8.70	389.3	297.0	68135fe7ceada07c	repeat_00,	198.2
12:57:46	9.27	392.0	296.5	68135fe7ceada07c	repeat_00,	197.4
12:58:46	10.20	394.1	199.0	68135fe7ceada07c	repeat_00,	196.9
12:59:46	8.77	393.4	213.2	68135fe7ceada07c	repeat_00,	197.6
13:00:47	7.30	392.1	199.0	68135fe7ceada07c	repeat_00,	199.2
13:01:47	7.04	391.4	197.7	68135fe7ceada07c	repeat_00,	197.7
13:02:47	7.29	389.0	199.3	68135fe7ceada07c	repeat_00,	198.7
13:03:47	9.48	387.9	198.6	68135fe7ceada07c	repeat_00,	198.6
13:04:48	6.96	388.1	297.6	68135fe7ceada07c	repeat_00,repeat_01,	197.3
13:05:48	8.90	390.5	198.9	68135fe7ceada07c	repeat_00,repeat_01,	198.9
13:06:48	7.60	387.8	307.4	68135fe7ceada07c	repeat_00,repeat_01,	197.1
13:07:48	10.09	393.8	296.7	68135fe7ceada07c	repeat_00,repeat_01,	198.5
13:08:49	11.15	392.9	199.0	68135fe7ceada07c	repeat_00,repeat_01,	198.0
13:09:49	9.01	384.4	297.8	68135fe7ceada07c	repeat_00,repeat_01,	197.6
13:10:49	8.34	390.9	297.7	68135fe7ceada07c	repeat_00,repeat_01,	198.1
13:11:49	9.24	393.7	298.6	68135fe7ceada07c	repeat_00,repeat_01,	197.6
13:12:50	10.31	392.3	295.5	68135fe7ceada07c	repeat_00,repeat_01,	196.7
13:13:50	9.16	393.2	297.4	68135fe7ceada07c	repeat_00,repeat_01,	198.9
13:14:50	10.79	319.5	190.8	68135fe7ceada07c	repeat_00,repeat_01,	191.2
13:15:50	11.53	392.5	198.2	68135fe7ceada07c	repeat_00,repeat_01,	198.0
13:16:51	9.42	394.2	199.5	68135fe7ceada07c	repeat_00,repeat_01,	199.5
13:17:51	7.78	391.4	199.9	68135fe7ceada07c	repeat_00,repeat_01,	196.5
13:18:51	8.17	394.3	199.3	68135fe7ceada07c	repeat_00,repeat_01,	199.3
13:19:51	8.13	388.4	296.9	68135fe7ceada07c	repeat_00,repeat_01,	194.9
13:20:51	8.35	391.4	212.9	68135fe7ceada07c	repeat_00,repeat_01,	200.0
13:21:52	8.19	392.9	196.7	68135fe7ceada07c	repeat_00,repeat_01,	196.7
13:22:52	7.88	391.8	199.2	68135fe7ceada07c	repeat_00,repeat_01,	199.2
13:23:52	7.21	392.0	199.9	68135fe7ceada07c	repeat_00,repeat_01,	197.6
13:24:52	9.32	390.5	297.0	68135fe7ceada07c	repeat_00,repeat_01,	198.3
13:25:53	8.14	390.1	200.9	68135fe7ceada07c	repeat_00,repeat_01,	196.8
13:26:53	8.19	390.9	195.5	68135fe7ceada07c	repeat_00,repeat_01,	195.5
13:27:53	7.47	392.8	200.0	68135fe7ceada07c	repeat_00,repeat_01,	197.7
13:28:53	8.42	390.2	197.2	68135fe7ceada07c	repeat_00,repeat_01,	197.2
13:29:54	8.44	386.0	200.0	68135fe7ceada07c	repeat_00,repeat_01,	197.1
13:30:54	8.04	391.6	200.0	68135fe7ceada07c	repeat_00,repeat_01,	200.0
13:31:54	9.40	386.2	298.8	68135fe7ceada07c	repeat_00,repeat_01,	198.2
13:32:54	7.20	392.4	197.6	68135fe7ceada07c	repeat_00,repeat_01,	197.6
13:33:54	7.80	386.5	312.5	68135fe7ceada07c	repeat_00,repeat_01,	197.8
13:34:55	8.41	385.9	299.5	68135fe7ceada07c	repeat_00,repeat_01,	197.2
13:35:55	8.35	392.0	298.2	68135fe7ceada07c	repeat_00,repeat_01,	199.2
13:36:55	8.72	392.1	296.8	68135fe7ceada07c	repeat_00,repeat_01,	196.4
13:37:55	10.50	390.0	297.1	68135fe7ceada07c	repeat_00,repeat_01,	198.3
13:38:56	9.30	392.8	299.7	68135fe7ceada07c	repeat_00,repeat_01,	197.4
13:39:56	11.24	392.8	299.2	68135fe7ceada07c	repeat_00,repeat_01,	199.2
13:40:56	9.02	393.8	299.1	68135fe7ceada07c	repeat_00,repeat_01,	199.7
13:41:56	8.33	391.4	299.4	68135fe7ceada07c	repeat_00,repeat_01,	197.6
