condition,pair,k,eigenvalue_floor_relative,train_variance_explained,switch_variance_outside_fraction,train_centered_energy_outside_fraction,centroid_residual_l2,train_residual_l2_p99,train_mahalanobis_p99,residual_inside_train_p99,mahalanobis_inside_train_p99,both_inside_train_p99,residual_l2_min,residual_l2_p05,residual_l2_p25,residual_l2_median,residual_l2_p75,residual_l2_p95,residual_l2_p99,residual_l2_max,mahalanobis_min,mahalanobis_p05,mahalanobis_p25,mahalanobis_median,mahalanobis_p75,mahalanobis_p95,mahalanobis_p99,mahalanobis_max
narrow,fisher_kpp,1,1e-08,0.26688868026965146,0.9214657140466787,0.972424116950461,3.3263139349468926,2.658374776506171,2.459654712252483,0,48,0,3.8036783644911765,3.860281615328591,3.955435199275123,4.0444671995128,4.145636874558678,4.264896286600471,4.330409419699489,4.377968582415763,0.02712295612160845,0.04435706106029422,0.2974063771659306,0.6395522462348269,1.01878881514651,1.754399807422138,2.201827677900378,2.393314360678061
narrow,fisher_kpp,2,1e-08,0.5235565054438636,0.8341526421362938,0.9423019736614238,3.3263127174376,2.541087832612342,2.7726193010428317,0,48,0,3.594851304751379,3.708065542315619,3.9110526324713364,4.0167635361711636,4.077606673493156,4.202394120340113,4.29746249452053,4.369658632942688,0.15487689808811825,0.26021467972989987,0.6554796457770355,1.094111770002367,1.5769483418204926,2.2767756176101734,2.568312515979876,2.6250791409168195
narrow,fisher_kpp,5,1e-08,0.8147713429730451,0.5077134843344101,0.8282040038155223,3.3225461373819853,2.0949316604846833,4.693049433072462,0,44,0,3.3925832307344517,3.423224463948817,3.616528896793356,3.7576281732222485,3.8806147928888826,3.9868093886652525,4.077140044025827,4.077221720239544,1.6320382388400747,2.1118997133217094,2.4119895046801947,3.306524535870574,4.008387940102749,4.886125594744692,5.393909034564622,5.604692052557778
narrow,fisher_kpp,10,1e-08,0.9902591430936633,0.01907297736099853,0.657987414909112,3.3183635651303405,0.2508008839154534,8.670419258898493,0,39,0,3.0379237599353828,3.1232960392976556,3.215818939924395,3.331886016183793,3.4521197061914806,3.527268477779429,3.5566031172781933,3.560961594503624,5.291027752308019,5.423388671694543,6.716350303319068,7.27461454370299,7.98362000032229,9.245530850684233,9.647478941017138,9.658892280262192
narrow,fisher_kpp,11,1e-08,0.9999999592547778,0.01590123129864104,0.005624253669812016,0.04839922008681542,7.563802140800114e-05,8.72486525769535,0,0,0,0.08633085794630808,0.14780197277803503,0.2443207060832842,0.27749460208468857,0.32430653951859956,0.490906963871695,0.5335995279017002,0.5577706107179926,22.60042388393955,22.744988225567685,23.69912942418494,24.172602010794648,25.03481658055341,25.405533385760933,25.537926039701457,25.585964266092024
narrow,fisher_kpp,16,1e-08,0.9999999995255938,0.010496502221128636,0.003691577110910186,0.03450837954813794,8.722162114739854e-06,8.803075944986414,0,0,0,0.07289252856779502,0.12729409864482338,0.19835585395973587,0.23691915017429652,0.28030715479025603,0.3525363457840934,0.4281217954780697,0.4473235255796399,361.9949448952306,495.7754015227016,1053.4737549318268,1441.5002345647933,1882.3075774526783,3515.2217064028564,4981.410595434529,5776.920680783623
narrow,fisher_kpp,32,1e-08,0.9999999999999865,0.001434475850001615,0.0005241109876980721,0.02223198794563456,1.8446863918404707e-09,8.805498086908322,0,0,0,0.00906825862485131,0.02025730478376647,0.057232371473762214,0.07692384365039716,0.11228147864965635,0.14936160593000064,0.17394705615054032,0.1803663235575439,1105.894895693344,1824.3070674040366,2643.4771772783843,3300.9136824163334,3836.7843072114283,5800.8768034223185,6149.55460850395,6222.897637099411
narrow,fisher_kpp,64,1e-08,0.9999999999999939,0.0010923802160063662,0.0003964687077344418,0.018208943518955363,1.3752182046343844e-09,8.805498086917527,0,0,0,0.008117760180274804,0.017653325935324156,0.049103871420123235,0.0656819150308696,0.09689986910584666,0.13196571501720256,0.15425484623611016,0.1629751908994256,1114.0259015327429,1855.636413844366,2756.4818699986567,3345.06606977949,3919.959179791815,5844.6191891958415,6188.1805130081575,6293.030772849155
narrow,fisher_kpp,256,1e-06,1.0,2.9322249531108377e-30,2.2855066264423274e-30,4.5145277763552954e-15,5.31620297649796e-15,8.756908952158218,48,0,0,4.2009018290379216e-15,4.816955917240183e-15,5.687216190045459e-15,6.1064713633989466e-15,6.593398087121398e-15,7.544291055639389e-15,8.190680630462536e-15,8.556885528140643e-15,116.76693255622259,197.55318129998366,325.062044288293,369.05837215570284,431.0162490185301,651.797064038157,708.3665346775884,740.4363308106726
narrow,fisher_kpp,256,1e-08,1.0,2.9322249531108377e-30,2.2855066264423274e-30,4.5145277763552954e-15,5.31620297649796e-15,8.805498086930136,48,0,0,4.2009018290379216e-15,4.816955917240183e-15,5.687216190045459e-15,6.1064713633989466e-15,6.593398087121398e-15,7.544291055639389e-15,8.190680630462536e-15,8.556885528140643e-15,1128.3496198142689,1945.6650026806724,3047.327070295074,3541.840987863692,4174.079294232348,5933.658644195197,6300.471703650115,6496.873719821067
narrow,fisher_kpp,256,1e-10,1.0,2.9322249531108377e-30,2.2855066264423274e-30,4.5145277763552954e-15,5.31620297649796e-15,8.885196681501219,48,0,0,4.2009018290379216e-15,4.816955917240183e-15,5.687216190045459e-15,6.1064713633989466e-15,6.593398087121398e-15,7.544291055639389e-15,8.190680630462536e-15,8.556885528140643e-15,8814.183487038097,14701.16585531809,24006.225911667803,29449.874752599302,34270.68646811751,42597.58753013156,51890.383836016445,54771.43708470356
narrow,allen_cahn,1,1e-08,0.26688868026965146,0.702684690524947,0.9930023808278627,5.284135458767232,2.658374776506171,2.459654712252483,0,48,0,5.049376376946132,5.166613382019722,5.244324461561427,5.320097342493432,5.428869568090738,5.463547700766403,5.480293367987195,5.490735581259356,0.001151586042182529,0.06928947732401991,0.19357337355317403,0.393827111753414,0.6495333153872125,1.1831897703851624,1.4476228090587275,1.594908668490836
narrow,allen_cahn,2,1e-08,0.5235565054438636,0.345562116180323,0.9850064585976711,5.284132766144312,2.541087832612342,2.7726193010428317,0,48,0,5.043288688953821,5.077742654523136,5.2126704039529255,5.306213338704296,5.413771378174468,5.450357359566424,5.47574614502933,5.490143896321789,0.07973769777647609,0.1430921531937044,0.4563794789075087,0.6821238103632188,1.0440485033741362,1.537425209465373,1.6319862179654527,1.633936987198129
narrow,allen_cahn,5,1e-08,0.8147713429730451,0.04880282208983771,0.9780106914100222,5.2831805083459855,2.0949316604846833,4.693049433072462,0,48,0,5.015737984332382,5.044073155092888,5.208053418290398,5.287861781170923,5.396288556875303,5.432226027878661,5.4640395703854505,5.486396147152655,0.5182696750454608,0.6958257765673279,0.8986020622088585,1.1869130575329607,1.5092482570027954,1.930365640664657,2.0746872084730477,2.1339767837328414
narrow,allen_cahn,10,1e-08,0.9902591430936633,0.023951429513626398,0.9761405401150437,5.279626788890141,0.2508008839154534,8.670419258898493,0,48,0,5.011820941001206,5.037779487471776,5.20579817504483,5.283748666560645,5.393400851404334,5.424604431917867,5.458288673620858,5.4790671485966405,0.8546236955934523,1.0493694528293631,1.253398429631415,1.4182079859077108,1.6594344013787223,2.0543293300839855,2.2435670304786943,2.322916454685436
narrow,allen_cahn,11,1e-08,0.9999999592547778,4.147625522349299e-06,9.478187914387713e-08,0.0002347473226428621,7.563802140800114e-05,8.72486525769535,0,0,0,0.00033680279297991673,0.0004715613195855769,0.0010140895195137078,0.0013077717186952657,0.001803306124494429,0.0027723584324741792,0.003006340159577327,0.0031807571110001828,34.87045223162578,35.05598330569475,36.16855724073435,36.72134970250073,37.48613997203236,37.69857313253905,37.92459138132307,38.06922819372116
narrow,allen_cahn,16,1e-08,0.9999999995255938,2.2360031460707595e-06,5.0412910668821676e-08,0.00010076332761413157,8.722162114739854e-06,8.803075944986414,0,0,0,0.0002451884449165332,0.00033324853248150514,0.0007653299186525736,0.0010189218303402574,0.0013608781962463133,0.002011487210895646,0.002096507880131278,0.00211512856728795,35.38896801687774,36.19931211339503,37.69164298034008,38.23391205131652,39.56872636629853,42.621768229786426,43.822675453955995,44.337566625366215
narrow,allen_cahn,32,1e-08,0.9999999999999865,6.718609483891124e-09,1.5233915905758154e-10,7.424314743423171e-06,1.8446863918404707e-09,8.805498086908322,0,0,0,1.256079381716876e-05,1.9167806320144555e-05,2.9183271571228303e-05,4.61691854026583e-05,7.084635676898586e-05,0.00012036358376199543,0.00016034408652290362,0.0001763699879008955,35.62215662979962,37.164800628794254,38.863847883923945,40.77571530569278,43.93237043480331,49.24744074507478,50.9766736928197,51.23145510508521
narrow,allen_cahn,64,1e-08,0.9999999999999939,4.04469932862634e-09,9.177072374526344e-11,5.908297852684896e-06,1.3752182046343844e-09,8.805498086917527,0,0,0,1.0536057317150177e-05,1.58772885431173e-05,2.383746718013271e-05,3.584038619487084e-05,5.425703565639656e-05,9.389146205095486e-05,0.00012338410509784976,0.00013362142411962546,35.62496513774504,37.16865560672728,38.86596295120322,40.77823285037097,43.93278371901606,49.24857726421631,50.98416695736546,51.24474003597274
narrow,allen_cahn,256,1e-06,1.0,3.518122173553112e-30,2.0112023066765326e-30,6.8923303487483685e-15,5.31620297649796e-15,8.756908952158218,48,0,0,5.611570632426279e-15,6.587396394160074e-15,7.0576089271588576e-15,7.345657040704485e-15,7.926366056379353e-15,9.359116800190838e-15,9.837598994620936e-15,9.928119349090402e-15,35.005221058177845,35.17612365059855,36.23704682293791,36.80562208533878,37.541650959301634,37.74884731390032,37.96849229842571,38.11702090602753
narrow,allen_cahn,256,1e-08,1.0,3.518122173553112e-30,2.0112023066765326e-30,6.8923303487483685e-15,5.31620297649796e-15,8.805498086930136,48,0,0,5.611570632426279e-15,6.587396394160074e-15,7.0576089271588576e-15,7.345657040704485e-15,7.926366056379353e-15,9.359116800190838e-15,9.837598994620936e-15,9.928119349090402e-15,35.62908710889146,37.173551222184265,38.868856446732295,40.781384645087,43.933595136864895,49.25017195531105,50.99629996639519,51.26622048160908
narrow,allen_cahn,256,1e-10,1.0,3.518122173553112e-30,2.0112023066765326e-30,6.8923303487483685e-15,5.31620297649796e-15,8.885196681501219,48,0,0,5.611570632426279e-15,6.587396394160074e-15,7.0576089271588576e-15,7.345657040704485e-15,7.926366056379353e-15,9.359116800190838e-15,9.837598994620936e-15,9.928119349090402e-15,46.49304732382941,53.609533406267424,86.3670401284025,119.68726296173367,161.808685118112,222.92133570512433,251.66711522668913,261.07008959494294
broad_075,fisher_kpp,1,1e-08,0.435502461145844,0.9967161257028438,0.7038583565134087,0.26114451945650075,2.7372229200915195,1.6884071636620561,42,48,42,1.9390770095211816,2.121039084432219,2.2354343190458037,2.3474637657988926,2.488873173777031,2.9262871623041584,3.1328373720642326,3.2490747785559746,1.0320185668319033,1.0731356722844136,1.1510889614964648,1.253028837936856,1.3394206507866644,1.402026328217331,1.423149934193759,1.4342318486380532
broad_075,fisher_kpp,2,1e-08,0.5874284096630703,0.9155786773861796,0.6472252329720817,0.2611421377015843,2.6340377196341556,2.70007038521673,43,48,43,1.9195298069068345,2.002576645200124,2.183700080821196,2.284133482972238,2.4718320393239943,2.7515181128217345,2.7640405788686837,2.764951676394947,1.1235752763717344,1.1780622740320685,1.3131539801009995,1.395738716677649,1.7132581594384426,2.222584561471677,2.5120932293307505,2.5490988161852393
broad_075,fisher_kpp,5,1e-08,0.8659066069218526,0.6095248839435524,0.4309037703175468,0.21363623085617933,2.2369913716160905,4.045579813119398,43,47,42,1.2227593358225497,1.4356226081644434,1.6202570767917086,1.8824761937388006,2.0872267624259706,2.3602351806819755,2.485863298632622,2.5450906434400973,1.785240224600919,1.8265780514357324,2.268861001151305,2.841278457853124,3.4813653435502405,3.924952821356631,4.0792717873499855,4.109653650439928
broad_075,fisher_kpp,10,1e-08,0.9879523993094309,0.12343796672134034,0.08710991741272096,0.08917019384161771,0.9949690400654319,7.919009186282696,31,43,27,0.21850528206595052,0.24924829763557887,0.3989173694797311,0.5909862447553078,1.0622221295861303,1.4521320298921137,1.6948126405587933,1.8410828258819836,4.05409843268419,4.925713569365518,5.866557628917569,6.5809605761960235,7.3831638515475175,8.141229106065778,8.52616298451449,8.632653889429553
broad_075,fisher_kpp,11,1e-08,0.9999379602922033,0.015892186545130405,0.0113739237350832,0.048485237257451665,0.062138573974678944,8.749257884376599,0,39,0,0.08652459706265593,0.14766016541639254,0.2441098239151568,0.27811270425675866,0.3239782337861309,0.4897687726487048,0.5338968051343089,0.5571489364228872,5.5585945013465174,5.807652926464213,6.914634191579616,7.491822592425571,8.124099076680324,9.46034839945203,9.781191102201959,9.857279378092906
broad_075,fisher_kpp,16,1e-08,0.9999789959819705,0.004644022760115585,0.0033867069784620472,0.03483437191704546,0.027736045297375955,11.663935395933933,0,1,0,0.05249821561528004,0.06889037557173619,0.11304568018110173,0.14746275455812974,0.19703760597798622,0.2818032091697081,0.31748518924133934,0.3276523972061909,11.225751243393615,23.518826908806105,36.358418704014746,44.38998406494807,53.02105664272918,76.75436215550954,90.9485402504999,92.00900855145512
broad_075,fisher_kpp,32,1e-08,0.9999988224043596,2.3786922845546893e-05,1.703781810022626e-05,0.0019060420858441327,0.0026422906254303714,17.013297211065247,0,0,0,0.003476237788170758,0.004648234162553485,0.007071429575810998,0.010481536946637088,0.012993399380939817,0.017034848054805908,0.027393814717657672,0.029812337710879263,22.2449398576381,36.802341007117725,58.328004410476964,72.06184930446207,84.98274275679253,130.3799538604216,147.29076856986845,152.79854925527061
broad_075,fisher_kpp,64,1e-08,0.9999999110668476,1.6890915985642144e-06,1.2105661613917318e-06,0.0005138294716379738,0.0006566551163119924,19.433710005900455,0,0,0,0.0006692349284502271,0.0011414718637309349,0.0019080441895654625,0.0023948248939122648,0.0034220261618391383,0.005319658976004175,0.0067492204336233085,0.007296327023221231,24.010433358919233,39.57329746828914,61.209137030772695,78.99018646086714,92.98066967346593,141.30074454182395,157.71610656910553,167.90403300623214
broad_075,fisher_kpp,256,1e-06,1.0,2.1348410660115983e-30,2.0639320738119938e-30,1.4815147859946972e-15,4.8548151624380736e-15,17.454345463717438,48,0,0,3.3626952714195063e-15,3.4370698145898938e-15,3.792968956843565e-15,3.97232822278151e-15,4.338739793517756e-15,5.1691187607112615e-15,5.8518664186374684e-15,6.2609623625077204e-15,22.360775539940025,36.681313795335676,58.33261230561113,71.79508352525957,84.42150828776363,130.6997109124729,146.33076431744155,151.57423854591676
broad_075,fisher_kpp,256,1e-08,1.0,2.1348410660115983e-30,2.0639320738119938e-30,1.4815147859946972e-15,4.8548151624380736e-15,20.376741168203786,48,0,0,3.3626952714195063e-15,3.4370698145898938e-15,3.792968956843565e-15,3.97232822278151e-15,4.338739793517756e-15,5.1691187607112615e-15,5.8518664186374684e-15,6.2609623625077204e-15,24.55246348147474,40.57903836875465,63.62171872638825,81.12340580058896,96.97263679435454,146.76684476264055,164.0209407517491,174.8062703143982
broad_075,fisher_kpp,256,1e-10,1.0,2.1348410660115983e-30,2.0639320738119938e-30,1.4815147859946972e-15,4.8548151624380736e-15,24.900133099867325,48,0,0,3.3626952714195063e-15,3.4370698145898938e-15,3.792968956843565e-15,3.97232822278151e-15,4.338739793517756e-15,5.1691187607112615e-15,5.8518664186374684e-15,6.2609623625077204e-15,27.350625620447317,45.53755721308968,74.04726687491312,97.3460732170837,117.65197831257959,181.63860741223587,269.5935676856869,313.45120190350644
broad_075,allen_cahn,1,1e-08,0.435502461145844,0.9757240886150659,0.0493616694842661,0.15655846754318642,2.7372229200915195,1.6884071636620561,48,0,0,0.3236980141801388,0.42558336408370623,0.5674650573754817,0.7145176729400771,0.8684786999293524,1.313669010826836,1.3996823385433266,1.4016323421019652,2.589999291405455,2.6190608801881528,2.730932074335846,2.8199411029580306,2.8901832111872916,2.922361001249532,2.950161294404428,2.96533618955427
broad_075,allen_cahn,2,1e-08,0.5874284096630703,0.6664389787104334,0.03371040640674439,0.12915415772292976,2.6340377196341556,2.70007038521673,48,2,2,0.303827462546927,0.3790681117468058,0.5205505366168807,0.5746960507228713,0.7361865517675594,0.9709045266702152,1.310405193641608,1.32780017297076,2.611615749023745,2.724637408356313,2.7891381567582725,2.8864687729944665,2.9325099541169637,2.98699005914662,3.1357119968208993,3.1842344380894794
broad_075,allen_cahn,5,1e-08,0.8659066069218526,0.044376252221325616,0.002401004574629381,0.056257023137921296,2.2369913716160905,4.045579813119398,48,48,48,0.05886136565312741,0.0867717327262262,0.12744424171574498,0.17591062330837556,0.21325213754747602,0.23887309268608697,0.25507285451525386,0.2580228126659209,2.7649654846009657,2.8947378185061425,2.9933419422425307,3.0449889549078146,3.160456691660089,3.296843035316413,3.344445930708688,3.3676485085893653
broad_075,allen_cahn,10,1e-08,0.9879523993094309,0.00027771031416842285,1.769562550997809e-05,0.0074087113602132075,0.9949690400654319,7.919009186282696,48,48,48,0.001336091062597364,0.001863828033551762,0.0065673602732657516,0.011480378065776385,0.017737197113774122,0.028411547124885986,0.029306744296357358,0.02993354212095743,2.849497141200467,2.9368827367648,3.0178440944269225,3.0950773847886137,3.1858767474313554,3.3523762576866085,3.4077777176049406,3.419138579092056
broad_075,allen_cahn,11,1e-08,0.9999379602922033,4.360093747242967e-06,2.3974657669401034e-07,0.0006011878531751674,0.062138573974678944,8.749257884376599,48,48,48,0.0006385298998002411,0.0007702544856467182,0.001126715825771568,0.0015692422937377763,0.0020578103896713136,0.002785226689194005,0.0029202159901429055,0.002939482151356232,2.8495203046795776,2.9392686145961386,3.0185707114459355,3.0955359291485527,3.1881740710269346,3.3543991109649465,3.4086542073911468,3.4207624946297477
broad_075,allen_cahn,16,1e-08,0.9999789959819705,2.5098211203574577e-07,2.0066158314424778e-08,0.0003211449973462344,0.027736045297375955,11.663935395933933,48,48,48,0.00027958970371515826,0.0002869744141845151,0.0003547345556541976,0.00045272150086541273,0.0006126287547629795,0.0007244794707186707,0.0008627536478670241,0.0009244116002903726,2.879619987145145,2.945448927747116,3.030153569301085,3.1133818936397812,3.202378018616739,3.386913949110427,3.4299180086129306,3.4482351487500758
broad_075,allen_cahn,32,1e-08,0.9999988224043596,2.719103223507211e-09,2.4320733339966106e-10,3.816452090164544e-05,0.0026422906254303714,17.013297211065247,48,48,48,3.999718264776638e-05,4.227222259486715e-05,4.5234570074436375e-05,5.296606672952827e-05,6.165942167300477e-05,7.964333954317053e-05,8.268357660748457e-05,8.42189821810666e-05,2.8892307149770646,2.948807353401916,3.0339313122842753,3.116343971540582,3.2133021872738623,3.396723352757498,3.4396084895096073,3.459202816824839
broad_075,allen_cahn,64,1e-08,0.9999999110668476,1.137974347437959e-10,1.446200698547471e-11,1.0827879169126453e-05,0.0006566551163119924,19.433710005900455,48,48,48,1.1021420738411626e-05,1.1729752166563552e-05,1.2530072035188104e-05,1.3376177354713152e-05,1.4474498659338718e-05,1.699033015940026e-05,1.7537500288414017e-05,1.783828169055794e-05,2.8935275732010988,2.952300709876929,3.0365711432589393,3.1201933262161603,3.2177182847302435,3.4014658143846557,3.445921142600552,3.4659079404394406
broad_075,allen_cahn,256,1e-06,1.0,2.678324357160433e-30,1.3600387084963962e-30,3.394700931633811e-15,4.8548151624380736e-15,17.454345463717438,48,48,48,3.416868057574864e-15,3.618306018426428e-15,3.848265504920057e-15,4.179397915758215e-15,4.4293996398756225e-15,4.954718969575337e-15,5.663480451804626e-15,5.990255115756359e-15,2.8894020732461145,2.9487989328576942,3.0338908147290207,3.116373885707921,3.213269451504496,3.3967651871159164,3.4397527046834404,3.459264906918152
broad_075,allen_cahn,256,1e-08,1.0,2.678324357160433e-30,1.3600387084963962e-30,3.394700931633811e-15,4.8548151624380736e-15,20.376741168203786,48,48,48,3.416868057574864e-15,3.618306018426428e-15,3.848265504920057e-15,4.179397915758215e-15,4.4293996398756225e-15,4.954718969575337e-15,5.663480451804626e-15,5.990255115756359e-15,2.8961226409476213,2.954052459690776,3.038275613713831,3.1220009746468063,3.220245413346784,3.404274534132532,3.448253115565615,3.468571986467875
broad_075,allen_cahn,256,1e-10,1.0,2.678324357160433e-30,1.3600387084963962e-30,3.394700931633811e-15,4.8548151624380736e-15,24.900133099867325,48,48,48,3.416868057574864e-15,3.618306018426428e-15,3.848265504920057e-15,4.179397915758215e-15,4.4293996398756225e-15,4.954718969575337e-15,5.663480451804626e-15,5.990255115756359e-15,2.9085177830721123,2.9616150705232758,3.0457198625376023,3.129323278572441,3.2300555385529495,3.4149694571062077,3.4606440671440493,3.480548715895849
A,fisher_kpp,1,1e-08,0.5904991328515484,0.9968706893366998,0.8927738393603846,0.2534242927695809,2.7025570069568117,1.672782318255606,42,48,42,1.939641441571517,2.1135208568752275,2.2436525246963948,2.351880082272622,2.5001096451278886,2.912163479880614,3.1372292581831167,3.229132841461438,0.3442994873311841,0.36595114643668275,0.4246023116822789,0.5027319268603584,0.5648589955423071,0.6112590765082176,0.6246657002711578,0.634343860845826
A,fisher_kpp,2,1e-08,0.7010402237396492,0.9163885968690496,0.8212297040881489,0.2501052023498537,2.6040410836847454,2.707049186902322,43,48,43,1.9081586267895567,2.0158166917606613,2.177110079501443,2.288731216752284,2.463724912965782,2.7518045219567533,2.768604029841058,2.780249237820462,0.4271333995496033,0.46170894476818725,0.6106209593485306,0.8001713299876823,1.2410997028046578,1.8790906799998066,2.3364713094227274,2.379253045373157
A,fisher_kpp,5,1e-08,0.9028604400885532,0.6090591448917475,0.5460589589056432,0.2078194885139717,2.1934106845632475,4.090731484419265,41,48,41,1.220460416736033,1.4411428172543599,1.6148511088173019,1.8758417870803679,2.095143638006366,2.360141316415489,2.4857851979598036,2.5428499877298067,1.3354458829654445,1.4530626541115177,1.9919058718284721,2.652299361962129,3.391587094841867,3.844507838290863,3.9404614696032843,3.945914303109422
A,fisher_kpp,10,1e-08,0.9911657113889668,0.12418293229153288,0.11120384683408152,0.08902324831297438,0.968029606414608,7.954950476726138,31,41,27,0.2152369476885816,0.2497210990130717,0.39140926040103097,0.6250818824372251,1.0715839970394638,1.4576850085224344,1.69839931334365,1.8324524665674562,4.019699050118901,4.919883194615638,5.856599208563385,6.6334973943642535,7.450549716042709,8.233710595370031,8.613010600082841,8.693417813268812
A,fisher_kpp,11,1e-08,0.9998238721037447,0.015887702596699783,0.014429917063143024,0.04846264914492171,0.1499392905303493,8.770815896511817,3,39,3,0.08646103196299953,0.14792344474836103,0.2433549006349227,0.2786968923127379,0.3248287420109749,0.48961199990612403,0.5321244598361504,0.554405999214078,5.5889388188309495,5.809895824620029,6.951462973405972,7.580009385311184,8.2599919281199,9.609179128958113,9.999173027133615,10.086047924139883
A,fisher_kpp,16,1e-08,0.9999472615345157,0.004420775938768852,0.004125515891691156,0.037150334353627794,0.07428852423906375,13.541713060285133,6,5,3,0.04973517445931287,0.0589910114631466,0.10040852686930088,0.14029494498136963,0.198188163556201,0.26437035739594633,0.30750540986537556,0.30958939127219426,9.18774991890466,12.169226960579234,18.87444493171864,23.59713239080739,27.655462368177968,40.4163337460241,44.44983054433488,44.487734257079595
A,fisher_kpp,32,1e-08,0.9999977574682617,1.315134209612953e-05,1.1990049234208385e-05,0.0014977062101235936,0.006112805109093922,22.337953124168934,20,6,6,0.00169528256437318,0.002609221651712405,0.0040878008678002925,0.006738926526382957,0.009724648761663377,0.015860269929465397,0.022664134916291094,0.027240897355123177,11.725610104856074,17.68451091113475,30.05934842772912,36.22067631701694,44.38357374398969,63.05345164169507,72.79649030268742,79.62844621059794
A,fisher_kpp,64,1e-08,0.9999998006043089,8.268069208023412e-07,7.53751407199463e-07,0.00037512028528012813,0.001382674739034606,25.954115614046565,13,7,7,0.0004733020631372189,0.0007507400184891285,0.0013661144292085028,0.0018055380107328016,0.0022535220675940007,0.00358972762375992,0.005455140676719417,0.006457004487096217,12.189383793701172,18.211066262799356,30.761027736721594,37.63538007685281,47.10362447975018,67.6637587415434,80.26228905669325,87.78083387035396
A,fisher_kpp,256,1e-06,1.0,2.0759952500677665e-30,2.0154071330364452e-30,1.015063773688108e-15,5.228263318986393e-15,22.819788871645226,48,6,6,2.8420568573240864e-15,3.0149243173214765e-15,3.301847878073938e-15,3.54179080853252e-15,3.812572184109911e-15,4.317043406419961e-15,4.837737939407391e-15,5.0431203160244934e-15,11.752243113093908,17.72919546270522,29.922737364883048,36.25377168841241,44.10214491915768,63.562909708481726,72.85572368274596,79.64145360047502
A,fisher_kpp,256,1e-08,1.0,2.0759952500677665e-30,2.0154071330364452e-30,1.015063773688108e-15,5.228263318986393e-15,27.155319545991095,48,8,8,2.8420568573240864e-15,3.0149243173214765e-15,3.301847878073938e-15,3.54179080853252e-15,3.812572184109911e-15,4.317043406419961e-15,4.837737939407391e-15,5.0431203160244934e-15,12.49387509142865,18.73343648551058,31.715198415341902,39.24652190775862,48.40828873418449,73.13995232297046,84.71832076116236,91.09086859380118
A,fisher_kpp,256,1e-10,1.0,2.0759952500677665e-30,2.0154071330364452e-30,1.015063773688108e-15,5.228263318986393e-15,32.77368700130864,48,10,10,2.8420568573240864e-15,3.0149243173214765e-15,3.301847878073938e-15,3.54179080853252e-15,3.812572184109911e-15,4.317043406419961e-15,4.837737939407391e-15,5.0431203160244934e-15,13.512179467064199,20.72897692037327,36.300715866001525,44.87084936618253,55.82978977063379,86.40424642332214,141.77376443229775,169.47788999824706
A,allen_cahn,1,1e-08,0.5904991328515484,0.976083266164925,0.07458227956307627,0.08268075395774808,2.7025570069568117,1.672782318255606,48,25,25,0.37317094461473044,0.4107424642495019,0.5515866460639822,0.6999451391107846,0.8672589293880651,1.2943853779874044,1.3553208144649496,1.3682069452533756,1.506639469464366,1.5210500751495653,1.6084042670072423,1.6695018699950979,1.7250804667240678,1.7495174845158874,1.7686641206447988,1.7807692517872311
A,allen_cahn,2,1e-08,0.7010402237396492,0.6698586099842178,0.05139172294511126,0.08032197221940557,2.6040410836847454,2.707049186902322,48,48,48,0.2862379791282814,0.3735120112716137,0.4843781082947759,0.576508842338868,0.7262903239953838,0.9983642162997504,1.289056312226886,1.3083244582552687,1.537987707639166,1.6123446479660097,1.683024252614257,1.7466173124804998,1.8141312767720894,2.0735171981200793,2.163096676230972,2.188717114838937
A,allen_cahn,5,1e-08,0.9028604400885532,0.04421030721005269,0.0034876344586057336,0.0351653875234946,2.1934106845632475,4.090731484419265,48,48,48,0.06617299122763019,0.0765138930265893,0.11970707158605659,0.1735649701405982,0.2069940924851419,0.24098125886554783,0.26055797252013047,0.26127936181571093,1.6927978480962729,1.8105330408846787,1.9249074087933695,2.045211157258192,2.180148038308393,2.4540215648872254,2.56590804598218,2.588658796630458
A,allen_cahn,10,1e-08,0.9911657113889668,0.00030730454218292805,2.6548227257097517e-05,0.005301775369747027,0.968029606414608,7.954950476726138,48,48,48,0.0012155158340544313,0.0021159100494548945,0.00591877093635112,0.013002175209682776,0.018172479245866888,0.027025391771183568,0.028592272094077647,0.029409908580143584,1.8395606906071462,1.8654410314462506,1.9888430396211925,2.0880254755447574,2.256718197344314,2.5580362939203365,2.633688561694187,2.6519419359688725
A,allen_cahn,11,1e-08,0.9998238721037447,4.764201012872632e-06,5.358017878608678e-07,0.0012194314547730363,0.1499392905303493,8.770815896511817,48,48,48,0.0007817467043547431,0.0010936659752956337,0.0013779866850888503,0.0019028354186282847,0.002596033813365573,0.003070056460226233,0.003504943337810002,0.0037218904490199955,1.8398311481930791,1.8664973548169863,1.9894832607019037,2.0891029262438554,2.2586133827947297,2.558510061509124,2.6364445165612556,2.655800592114448
A,allen_cahn,16,1e-08,0.9999472615345157,1.468275992888529e-07,3.058709198923906e-08,0.00040612161365037315,0.07428852423906375,13.541713060285133,48,48,48,0.0002717654418155411,0.0003286737605178399,0.00041097312859127383,0.0004953886658361037,0.0005810501720917544,0.000693185712148166,0.0007386433046373573,0.0007425641227082717,1.8570073850114288,1.8744896902166823,2.0001289926579653,2.097580437796754,2.2645376267066846,2.5673603092796,2.650082225140146,2.6742057278957487
A,allen_cahn,32,1e-08,0.9999977574682617,2.5438064505095948e-09,4.805601327166833e-10,4.9393848225007065e-05,0.006112805109093922,22.337953124168934,48,48,48,4.924338359269923e-05,5.295083773144119e-05,5.598894192357847e-05,5.9903962002018524e-05,6.84590928454969e-05,8.328025268765024e-05,8.912757058739252e-05,9.119643034070343e-05,1.86220628121592,1.8776493537582855,2.003689050775141,2.101748648819444,2.2682286344661553,2.571990387296853,2.6531655639132574,2.6774227740243366
A,allen_cahn,64,1e-08,0.9999998006043089,1.4420165219483906e-10,2.5775424196768262e-11,1.1220274219059992e-05,0.001382674739034606,25.954115614046565,48,48,48,1.1505868965888136e-05,1.2128621712417916e-05,1.3362577274644013e-05,1.4196649374777954e-05,1.6255440006189114e-05,1.7659991368030743e-05,1.825117137210452e-05,1.8297555794824272e-05,1.8653146241018808,1.8802521699395667,2.005988758830072,2.1051183332077805,2.2707814636743575,2.5749126631499726,2.655397264699769,2.67964623216765
A,allen_cahn,256,1e-06,1.0,2.1893374768450437e-30,1.7142509452720675e-30,3.691804576415115e-15,5.228263318986393e-15,22.819788871645226,48,48,48,3.1176566910635786e-15,3.1529297555310168e-15,3.2935620848171277e-15,3.5258588867965797e-15,3.941748751833842e-15,4.730518403518397e-15,5.814646811608362e-15,6.622700777515372e-15,1.8618444572864363,1.8774149907926798,2.0034225315195924,2.101850907201091,2.2679913959575417,2.571566113574298,2.653225036809823,2.677462631679445
A,allen_cahn,256,1e-08,1.0,2.1893374768450437e-30,1.7142509452720675e-30,3.691804576415115e-15,5.228263318986393e-15,27.155319545991095,48,48,48,3.1176566910635786e-15,3.1529297555310168e-15,3.2935620848171277e-15,3.5258588867965797e-15,3.941748751833842e-15,4.730518403518397e-15,5.814646811608362e-15,6.622700777515372e-15,1.8672024749648277,1.8819333862762175,2.0075584606012518,2.106581626426805,2.272689304893989,2.5766831809220436,2.6572190702806706,2.6813941921817657
A,allen_cahn,256,1e-10,1.0,2.1893374768450437e-30,1.7142509452720675e-30,3.691804576415115e-15,5.228263318986393e-15,32.77368700130864,48,48,48,3.1176566910635786e-15,3.1529297555310168e-15,3.2935620848171277e-15,3.5258588867965797e-15,3.941748751833842e-15,4.730518403518397e-15,5.814646811608362e-15,6.622700777515372e-15,1.8742554226726673,1.887649922224779,2.0134552210243815,2.1130675292724654,2.279293422557892,2.583855447010041,2.6652107975600803,2.689454584278187
B,fisher_kpp,1,1e-08,0.6497411873434681,0.996909184933852,0.9595218798641343,0.25322441675318585,2.6860415930859216,1.6718476165986789,42,48,42,1.9400921318270579,2.1134389520745787,2.243460633585753,2.353145722578147,2.501651697375075,2.9082885950294104,3.1385379137516867,3.223491230041561,0.125186834285382,0.14048441711687928,0.19584373260800447,0.264635929026619,0.32118871706452945,0.3625925630904866,0.37434331913535906,0.3833342370871797
B,fisher_kpp,2,1e-08,0.744416945785188,0.9166806175427593,0.8826736409392305,0.24746292720015042,2.5833735729958844,2.708956293599879,42,48,42,1.9044877546309653,2.019363221423932,2.17539888287017,2.288120963950915,2.4603940566205083,2.7524351339825834,2.7727520695586163,2.7876339578319884,0.21499710642620978,0.23806433269842875,0.44845792389104366,0.6795689689030221,1.1696563477582753,1.8463057132840812,2.353526732952476,2.4276087429479745
B,fisher_kpp,5,1e-08,0.9168924914910839,0.6087814959458568,0.5864839677162067,0.20597872385105118,2.1647884357292724,4.110991076289154,40,48,40,1.2201489907458085,1.4442723446961814,1.6155639989155146,1.8715751437913064,2.0969659001675756,2.3600173001222533,2.4849090306550017,2.5408709320498226,1.273573144978507,1.418695624269554,1.9869680170029342,2.6621555065968954,3.4268979879095074,3.9009326291141395,3.962323170951003,3.9670620006383794
B,fisher_kpp,10,1e-08,0.9923601438238407,0.12486086850645368,0.12017920668019826,0.08965206666394482,0.954597840214954,7.99073676501129,31,41,27,0.2109257423995841,0.24961759710750459,0.38665326933839783,0.6380662640487303,1.0663362889645873,1.4667284812853876,1.699475311136924,1.8276557287865163,4.093524122775194,5.010909054275621,5.929762135607084,6.749786456812825,7.571512415269481,8.373235852427111,8.752843639934197,8.817189961786745
B,fisher_kpp,11,1e-08,0.9997532790358307,0.015902753862398766,0.015521459471944435,0.04837973514155901,0.19404760122639553,8.832236201955958,5,39,5,0.08696080416626295,0.14752167971373015,0.24196493459886412,0.27969748199538524,0.32508058816293456,0.49097146196648184,0.5303436738316684,0.5509612035417941,5.6873671091839215,5.9061677956598135,7.060474115849394,7.712689291005958,8.418218093820318,9.78768677526782,10.218971784615153,10.309425366507115
B,fisher_kpp,16,1e-08,0.9999303294659837,0.004386244493878807,0.004409949552205254,0.03788161291095695,0.09630131326925166,13.737764998199356,10,8,4,0.04291444350969483,0.05931326981568042,0.09812658366149866,0.140588157604783,0.19959251998848446,0.2568508217250361,0.3055717886296113,0.3124844862648987,8.449834627491905,10.659625862806793,15.56374948933636,19.633434283239332,22.678598323707288,32.78926254315545,35.00260672903757,35.68476959855587
B,fisher_kpp,32,1e-08,0.9999972944431501,1.0507356609345357e-05,1.0308482077554918e-05,0.0013680292807468444,0.008263015268329418,23.0885504520302,34,10,10,0.0012814561552608509,0.002442242479673355,0.00372513377926919,0.0060804390628672,0.008685067924023196,0.012858308476964593,0.020014128576342407,0.023294089650961487,9.937390960769287,14.43978560122912,24.37362650264458,29.419943873434157,36.5773844384358,51.27316237549233,57.76901174095881,62.85762750069829
B,fisher_kpp,64,1e-08,0.9999997545511347,7.017491689003944e-07,6.868870166893194e-07,0.0003395766332143384,0.0015611441410474764,26.72717751799305,26,15,15,0.0004067767383000677,0.0006968500455608266,0.001289902506155802,0.0015305797412339419,0.0020953707334800576,0.0033290665001137923,0.005209480775614704,0.005842087254190976,10.215665051852792,15.134573078400418,24.956209612503038,30.388304891920676,38.80719478800858,54.69518050761313,62.37293847680968,68.31396616813966
B,fisher_kpp,256,1e-06,1.0,2.6031676095364424e-30,2.5312199395163533e-30,1.1190770383397422e-15,6.102574295258358e-15,23.467666395274335,48,10,10,2.8468542303328592e-15,3.0236677885613024e-15,3.481826573542248e-15,3.7493260402618936e-15,4.298218642877238e-15,4.892193018218309e-15,5.365968395856927e-15,5.513278252952678e-15,9.947240036267969,14.493547818232724,24.392642527078884,29.432923800962108,36.571517468119936,51.59802718664687,57.93454973684979,63.11924325908766
B,fisher_kpp,256,1e-08,1.0,2.6031676095364424e-30,2.5312199395163533e-30,1.1190770383397422e-15,6.102574295258358e-15,28.18712781729346,48,18,18,2.8468542303328592e-15,3.0236677885613024e-15,3.481826573542248e-15,3.7493260402618936e-15,4.298218642877238e-15,4.892193018218309e-15,5.365968395856927e-15,5.513278252952678e-15,10.41584946019244,15.573797118915689,25.682973766815238,31.360831701905113,40.0824120248723,57.46112147513159,67.5781777009632,72.12747596328505
B,fisher_kpp,256,1e-10,1.0,2.6031676095364424e-30,2.5312199395163533e-30,1.1190770383397422e-15,6.102574295258358e-15,34.3661695137843,48,20,20,2.8468542303328592e-15,3.0236677885613024e-15,3.481826573542248e-15,3.7493260402618936e-15,4.298218642877238e-15,4.892193018218309e-15,5.365968395856927e-15,5.513278252952678e-15,11.21440844621228,17.238147322290096,28.626047539911365,35.82491997844191,45.933626890986204,68.57639583288976,107.97813332335443,127.47657146453297
B,allen_cahn,1,1e-08,0.6497411873434681,0.9761702178975933,0.09488962456328848,0.0677679962317356,2.6860415930859216,1.6718476165986789,48,48,48,0.3850100373672909,0.41080470236949745,0.5458969944879644,0.7060133226824925,0.8795158011600849,1.2909370515857426,1.342993610310116,1.3585058680124606,1.169209677647502,1.1798495215087395,1.259597305612742,1.3133464576027822,1.3646030291891829,1.3855835389728202,1.4024778580264903,1.4135527847330172
B,allen_cahn,2,1e-08,0.744416945785188,0.670671919748479,0.06541011449188232,0.06776494345020544,2.5833735729958844,2.708956293599879,48,48,48,0.2820415752459759,0.3672737390453072,0.4821211870889816,0.5758515301530417,0.7197653778769043,1.0054587273628288,1.2824192606481601,1.3016589717508962,1.2115998592435075,1.267534870239898,1.3411393817851298,1.385821383594923,1.4832260169905769,1.8369960730859254,1.9276999756618718,1.931337197485963
B,allen_cahn,5,1e-08,0.9168924914910839,0.04414745171269407,0.0043882954806003845,0.02915452333594622,2.1647884357292724,4.110991076289154,48,48,48,0.06587547536647091,0.0724793106534528,0.11736812182148135,0.1703826564480117,0.20860879075625782,0.2437544603830353,0.26183929883169427,0.2628295113473848,1.3837161508721167,1.5037810967944771,1.619425517162076,1.7650670236139328,1.9559691959390464,2.2873257102683926,2.3981380501565805,2.4387411756415793
B,allen_cahn,10,1e-08,0.9923601438238407,0.00033517171795411206,3.5658980314601485e-05,0.004688428408411395,0.954597840214954,7.99073676501129,48,48,48,0.0012426297188582746,0.0023748446788203195,0.006175541147079673,0.012605128776657768,0.01829535049895303,0.02728474170761851,0.029286015099514395,0.030505286149843852,1.5543954374318503,1.567228636529847,1.7127375841294148,1.8358427389596317,2.029453453163615,2.386066543927676,2.4776204295264046,2.507400161003699
B,allen_cahn,11,1e-08,0.9997532790358307,5.227175038345999e-06,8.556606265186941e-07,0.0015258877998542842,0.19404760122639553,8.832236201955958,48,48,48,0.0009649430478121642,0.0011781052571194729,0.0016193815352838026,0.002128542196464872,0.0028326877517636266,0.0032931804825719955,0.003974497298019141,0.004486606780030846,1.556708314855927,1.5682619222748937,1.7141608079204054,1.8377310934237534,2.03221491208356,2.3870606325347303,2.480272830189307,2.511943939350852
B,allen_cahn,16,1e-08,0.9999303294659837,1.9705801998558248e-07,4.7297649659815e-08,0.00043297908130119245,0.09630131326925166,13.737764998199356,48,48,48,0.000311606331095468,0.00037831117290325323,0.00046458724002573326,0.0005224190039243171,0.0006209644988173305,0.0007554371274756,0.0007927385825036282,0.0007999579567844001,1.5609605708555994,1.5798217133701566,1.72158363834643,1.8454846164913605,2.0372138476545163,2.3920394581740605,2.4938203927287352,2.5286874591178017
B,allen_cahn,32,1e-08,0.9999972944431501,2.6937251279079456e-09,6.292731238065793e-10,4.947913144029192e-05,0.008263015268329418,23.0885504520302,48,48,48,4.671990556023167e-05,5.1095143007678586e-05,5.691423604974581e-05,6.122504491290555e-05,6.973062900484276e-05,8.212266647927774e-05,8.958037325431148e-05,9.15536263162426e-05,1.5642390469380603,1.583345356742393,1.72536366892705,1.8490428961535543,2.040456142059851,2.3951192299543105,2.4977095663160136,2.5322353674419933
B,allen_cahn,64,1e-08,0.9999997545511347,1.974563838741034e-10,4.2762729401674726e-11,1.2536190715223712e-05,0.0015611441410474764,26.72717751799305,48,48,48,1.3402512419936537e-05,1.3760442187822859e-05,1.5435175969067673e-05,1.6564105379893897e-05,1.78274354776522e-05,2.0007092443271842e-05,2.057189401250178e-05,2.0773126146035555e-05,1.566586237344252,1.5854522672982494,1.7275492927800733,1.851253710611263,2.042410858944911,2.397502461376234,2.499973180981441,2.5349066675241145
B,allen_cahn,256,1e-06,1.0,2.5853281055033856e-30,1.8921827278883548e-30,2.898431716880203e-15,6.102574295258358e-15,23.467666395274335,48,48,48,2.871662730175197e-15,2.9914923178768657e-15,3.1663060036391644e-15,3.5030349465034367e-15,3.718625004167096e-15,4.313692530978317e-15,4.752844728263527e-15,4.909623263632984e-15,1.5642136555439665,1.5831986375953748,1.725245208352606,1.8488607615467743,2.0403223410725992,2.3952052608184107,2.497840931502579,2.5324487602602037
B,allen_cahn,256,1e-08,1.0,2.5853281055033856e-30,1.8921827278883548e-30,2.898431716880203e-15,6.102574295258358e-15,28.18712781729346,48,48,48,2.871662730175197e-15,2.9914923178768657e-15,3.1663060036391644e-15,3.5030349465034367e-15,3.718625004167096e-15,4.313692530978317e-15,4.752844728263527e-15,4.909623263632984e-15,1.5680872594905706,1.5873414128177492,1.7293178720906957,1.8530082733894169,2.044269012959634,2.3994366165249215,2.501613306388079,2.536404044901754
B,allen_cahn,256,1e-10,1.0,2.5853281055033856e-30,1.8921827278883548e-30,2.898431716880203e-15,6.102574295258358e-15,34.3661695137843,48,48,48,2.871662730175197e-15,2.9914923178768657e-15,3.1663060036391644e-15,3.5030349465034367e-15,3.718625004167096e-15,4.313692530978317e-15,4.752844728263527e-15,4.909623263632984e-15,1.5728976965392925,1.5928877416190972,1.7358857406896673,1.8586874254463854,2.0505860586303113,2.405917005692209,2.5081628390649966,2.5433022230085585
